date,1011010402,1011010501,1011010504,1011010801,1011010101,1011010201
2020/7/1,4.85,35.374,76.715,35.365,205.402,46.64
2020/7/2,4.6,32.199,66.064,48.51,198.362,43.943
2020/7/3,9.572,35.896,64.253,42.442,190.779,42.076
2020/7/4,5.439,57.067,81.282,47.262,236.587,55.662
2020/7/5,4.019,61.816,98.496,73.213,223.899,55.474
2020/7/6,3.089,30.727,58.682,40.578,195.74,42.721
2020/7/7,3.117,32.112,42.213,52.56,172.052,45.749
2020/7/8,10.605,39.67,65.88,43.968,152.57,45.433
2020/7/9,2.106,25.921,58.86,37.837,187.439,41.131
2020/7/10,9.025,37.86,58.936,41.429,179.833,62.344
2020/7/11,8.928,68.277,85.936,52.238,270.343,76.564
2020/7/12,13.994,81.706,72.168,55.96,300.189,71.615
2020/7/13,11.605,44.379,61.24,42.113,190.832,32.028
2020/7/14,9.007,34.747,66.745,44.836,190.599,57.575
2020/7/15,10.238,38.17,73.354,42.196,217.442,37.962
2020/7/16,11.354,26.586,72.656,53.259,212.526,39.45
2020/7/17,10.727,37.251,61.025,51.908,195.67,44.198
2020/7/18,10.418,56.585,85.051,71.692,274.265,61.088
2020/7/19,11.124,71.772,102.711,79.821,319.791,76.351
2020/7/20,9.548,33.947,67.35,52.617,204.997,47.431
2020/7/21,12.744,27.094,56.993,45.905,214.99,49.005
2020/7/22,10.85,48.247,81.309,66.678,232.41,53.675
2020/7/23,30.417,44.142,57.639,56.759,199.984,39.425
2020/7/24,11.74,34.97,57.58,49.201,176.325,37.695
2020/7/25,10.424,61.874,94.206,67.013,227.137,57.421
2020/7/26,12.988,69.521,102.061,71.295,250.825,64.119
2020/7/27,17.265,36.121,71.402,52.777,198.009,42.876
2020/7/28,13.959,40.34,66.001,47.728,165.443,34.937
2020/7/29,18.597,40.777,82.494,54.315,193.729,42.22
2020/7/30,10.645,46.311,67.643,50.774,201.743,38.198
2020/7/31,19.062,34.092,41.104,45.587,197.166,37.549
2020/8/1,21.432,48.805,66.156,53.797,229.89,54.362
2020/8/2,56.154,50.893,67.963,54.961,243.138,49.219
2020/8/3,15.555,45.191,86.474,48.575,207.843,44.426
2020/8/4,26.208,30.591,73.365,45.301,180.012,44.534
2020/8/5,21.452,49.472,82.229,62.84,244.395,43.631
2020/8/6,19.115,31.596,74.047,48.611,234.777,40.827
2020/8/7,25.415,51.799,78.611,68.177,204.941,40.272
2020/8/8,27.461,63.764,100.292,92.144,311.161,58.156
2020/8/9,25.9,51.835,73.684,73.073,250.59,54.876
2020/8/10,30.683,47.664,78.735,36.094,210.292,50.7
2020/8/11,20.458,33.572,73.292,40.017,216.713,56.279
2020/8/12,27.355,36.009,85.166,34.195,206.877,50.065
2020/8/13,19.324,31.109,61.768,35.65,188.208,47.468
2020/8/14,29.991,37.826,76.489,53.795,217.758,58.582
2020/8/15,25.642,43.279,94.285,58.015,245.136,79.38
2020/8/16,24.454,48.366,95.285,55.093,241.48,60.231
2020/8/17,15.916,35.014,72.953,47.418,215.633,51.749
2020/8/18,21.753,34.019,76.92,45.716,225.113,55.92
2020/8/19,17.95,30.347,80.919,50.126,214.173,64.061
2020/8/20,22.966,37.957,75.953,54.411,233.532,69.587
2020/8/21,34.598,29.694,85.198,50,207.076,50.062
2020/8/22,42.772,30.422,116.801,49.895,273.081,55.886
2020/8/23,46.057,47.316,93.714,55.226,261.552,71.556
2020/8/24,20.305,26.874,97.079,39.576,260.694,41.784
2020/8/25,20.062,23.272,107.213,54.488,343.427,47.761
2020/8/26,18.95,30.722,82.32,42.811,241.686,82.544
2020/8/27,19.487,19.129,89.92,50.458,199.007,92.506
2020/8/28,20.997,24.597,156.11,55.659,195.032,39.93
2020/8/29,65.814,30.675,145.627,62.431,267.031,56.803
2020/8/30,30.005,21.641,155.811,73.195,266.387,80.779
2020/8/31,52.949,15.943,117.965,44.776,224.882,54.722
2020/9/1,47.658,26.329,102.504,47.282,190.627,55.858
2020/9/2,17.941,13.873,83.969,51.011,179.819,38.716
2020/9/3,15.996,14.172,87.119,48.163,193.463,38.893
2020/9/4,16.635,20.233,91.579,54.43,176.316,46.612
2020/9/5,42.554,33.731,110.439,62.594,249.559,57.828
2020/9/6,46.963,33.397,126.5,78.472,275.793,53.202
2020/9/7,38.926,17.365,56.473,41.804,148.221,26.257
2020/9/8,19.127,20.623,50.259,32.389,158.329,33.239
2020/9/9,12.161,12.041,39.795,33.45,131.492,32.73
2020/9/10,14.492,16.916,49.321,35.789,119.919,57.319
2020/9/11,13.364,22.019,50.22,48.467,151.957,31.538
2020/9/12,16.957,21.411,74.51,73.173,231.525,43.337
2020/9/13,18.739,28.737,83.723,74.834,263.345,41.704
2020/9/14,17.361,16.134,48.55,31.147,175.844,64.257
2020/9/15,19.219,13.243,49.991,41.578,156.048,29.878
2020/9/16,18.818,15.194,46.895,35.413,176.949,59.448
2020/9/17,17.437,22.924,46.145,39.259,143.534,32.648
2020/9/18,11.389,13.805,48.075,38.541,154.388,27.705
2020/9/19,39.431,30.406,84.269,60.52,235.874,82.76
2020/9/20,39.551,41.474,99.148,50.42,317.998,53.497
2020/9/21,16.289,20.868,56.561,63.529,212.997,39.191
2020/9/22,37.808,25.819,77.009,49.058,232.243,40.905
2020/9/23,18.629,22.515,54.327,56.265,179.262,31.972
2020/9/24,51.886,18.9,50.486,61.011,162.861,38.952
2020/9/25,22.732,26.529,53.938,64.509,173.781,41.561
2020/9/26,65.744,33.517,68.094,94.495,226.926,86.643
2020/9/27,28.289,20.532,54.459,72.522,199.813,35.964
2020/9/28,11.861,18.401,37.41,46.913,114.933,24.576
2020/9/29,24.135,24.719,57.017,45.485,157.957,28.105
2020/9/30,36.839,25.865,53.628,110.358,177.129,60.771
2020/10/1,55.356,32.482,64.092,103.929,248.415,93.928
2020/10/2,21.931,38.762,69.054,89.316,244.124,67.145
2020/10/3,18.497,63.535,84.728,60.052,298.341,44.493
2020/10/4,19.254,43.849,75.21,122.501,232.776,34.491
2020/10/5,79.752,31.128,87.933,126.518,294.623,92.279
2020/10/6,25.784,42.318,81.727,124.059,286.959,108.157
2020/10/7,52.907,29.085,63.151,80.421,255.378,56.266
2020/10/8,31.952,33.49,72.023,328.488,252.73,49.58
2020/10/9,51.476,24.289,51.243,57.258,162.518,55.845
2020/10/10,22.07,26.814,52.511,75.63,175.163,37.393
2020/10/11,57.223,34.726,70.214,163.664,238.081,60.47
2020/10/12,38.333,17.876,48.979,102.385,170.212,34.815
2020/10/13,50.519,23.119,49.116,48.021,177.945,47.321
2020/10/14,46.207,13.742,46.36,73.831,182.96,48.259
2020/10/15,42.162,19.447,45.236,72.91,190.238,59.624
2020/10/16,58.973,20.139,44.67,69.805,170.77,88.361
2020/10/17,87.12,30.556,96.277,115.557,248.762,109.311
2020/10/18,79.338,36.361,88.247,113.125,226.735,91.597
2020/10/19,40.6,20.03,56.69,58.338,152.709,57.412
2020/10/20,49.434,13.777,49.296,45.419,186.078,30.899
2020/10/21,21.201,15.327,48.047,56.114,168.765,40.555
2020/10/22,35.917,14.725,50.037,94.688,117.235,26.166
2020/10/23,30.801,14.427,43.758,114.306,211.914,23.854
2020/10/24,67.932,22.221,77.097,115.39,282.107,31.113
2020/10/25,71.16,30.136,72.537,104.16,223.397,43.114
2020/10/26,20.666,10.797,45.439,62.363,157.373,22.371
2020/10/27,21.273,13.444,45.479,56.508,154.566,23.305
2020/10/28,32.418,12.238,49.395,75.211,167.542,30.297
2020/10/29,15.828,14.436,52.654,81.051,120.551,24.902
2020/10/30,18.769,12.192,46.452,74.23,148.243,28.939
2020/10/31,79.265,16.499,81.292,135.284,248.102,82.701
2020/11/1,71.332,15.407,73.722,127.967,206.956,69.062
2020/11/2,15.053,11.378,54.351,78.321,144.442,32.726
2020/11/3,15.727,10.846,66.834,64.341,135.067,51.945
2020/11/4,18.183,10.702,59.731,195.34,122.114,67.527
2020/11/5,8.347,9.067,45.282,129.089,146.327,57.354
2020/11/6,13.443,7.22,49.287,80.153,142.586,95.136
2020/11/7,71.413,10.878,69.738,122.896,223.593,121.453
2020/11/8,58.207,16.906,78.907,124.492,209.808,125.591
2020/11/9,14.579,10.063,64.616,63.22,144.911,57.592
2020/11/10,12.103,9.574,54.663,64.18,157.962,25.698
2020/11/11,17.155,15.585,65.834,64.522,150.867,63.25
2020/11/12,15.237,15.508,58.851,68.656,151.144,13.406
2020/11/13,13.766,8.044,70.246,67.676,141.977,60.306
2020/11/14,58.127,18.146,71.84,92.793,207.145,84.001
2020/11/15,45.353,17.736,74.078,73.108,227.231,77.798
2020/11/16,14.45,15.672,45.345,54.363,140.087,48.64
2020/11/17,24.762,12.224,43.486,131.979,222.517,43.621
2020/11/18,19.171,15.946,45.407,99.089,203.322,50.438
2020/11/19,22.977,12.808,59.111,90.297,207.8,77.165
2020/11/20,22.48,9.804,53.492,70.888,244.555,52.701
2020/11/21,95.375,25.15,79.344,169.382,460.103,114.066
2020/11/22,67.538,26.933,99.221,160.154,371.968,119.596
2020/11/23,34.987,15.902,59.056,195.788,294.311,74.623
2020/11/24,44.692,13.897,52.157,117.661,220.189,60.927
2020/11/25,38.697,13.199,39.054,95.581,237.713,37.137
2020/11/26,24.099,12.868,48.086,110.276,282.923,34.766
2020/11/27,23.178,13.175,53.116,112.979,225.596,28.934
2020/11/28,30.289,18.759,82.485,187.133,400.295,79.441
2020/11/29,31.494,20.702,66.151,168.218,287.707,77.335
2020/11/30,18.481,18.29,54.214,100.486,207.353,41.156
2020/12/1,25.029,9.271,47.882,99.477,287.797,25.82
2020/12/2,22.979,9.603,48.74,185.141,213.665,24.46
2020/12/3,35.348,12.913,48.795,97.395,274.097,27.342
2020/12/4,87.25,11.517,42.929,110.875,242.529,27.457
2020/12/5,43.518,18.693,50.32,155.115,306.959,72.116
2020/12/6,93.761,18.881,61.77,234.205,367.129,67.968
2020/12/7,60.127,10.537,39.566,91.333,197.718,29.017
2020/12/8,78.345,10.904,37.891,89.028,183.98,29.686
2020/12/9,39.897,9.89,36.059,80.164,180.673,20.825
2020/12/10,48.448,11.411,45.747,89.363,188.539,20.405
2020/12/11,55.358,14.918,44.514,94.153,212.51,30.644
2020/12/12,71.47,11.965,54.731,174.119,269.619,65.466
2020/12/13,73.578,20.845,76.784,197.615,375.781,78.67
2020/12/14,65.517,12.715,48.394,83.089,197.654,33.376
2020/12/15,51.18,10.295,41.066,99.764,203.808,33.43
2020/12/16,47.282,9.313,34.84,74.212,152.029,26.065
2020/12/17,47.929,12.154,33.18,94.652,167.799,31.098
2020/12/18,63.362,19.541,41.801,86.26,150.625,26.454
2020/12/19,85.825,14.524,68.24,154.681,266.55,60.29
2020/12/20,77.313,14.386,64.273,141.972,276.911,89.851
2020/12/21,48.468,12.997,30.846,84.045,136.041,37.057
2020/12/22,38.698,11.079,38.615,75.886,152.185,27.346
2020/12/23,43.83,9.4,41.738,67.604,143.732,39.823
2020/12/24,61.288,9.801,37.463,75.626,218.533,39.293
2020/12/25,65.984,10.328,53.083,148.943,159.654,33.711
2020/12/26,103.905,16.19,52.907,135.658,285.224,62.717
2020/12/27,93.232,11.874,52.745,118.129,288.755,51.016
2020/12/28,63.262,13.266,45.863,69.819,251.455,33.949
2020/12/29,54.924,12.741,28.906,79.647,223.512,33.714
2020/12/30,75.742,16.318,32.167,66.631,146.39,33.438
2020/12/31,73.305,20.725,45.584,120.945,179.177,23.092
2021/1/1,91.569,18.037,67.733,136.338,224.797,55.985
2021/1/2,102.214,18.302,61.502,115.296,212.911,31.833
2021/1/3,76.505,13.385,73.797,103.871,224.88,50.09
2021/1/4,68.248,9.867,58.505,95.499,177.801,24.728
2021/1/5,89.144,14.439,37.556,83.705,154.654,49.049
2021/1/6,49.852,13.689,44.528,81.462,176.824,51.711
2021/1/7,54.723,12.56,50.183,96.002,161.628,42.427
2021/1/8,53.904,12.049,37.342,90.415,234.462,29.703
2021/1/9,90.49,17.965,78.498,129.833,233.427,47.188
2021/1/10,79.563,23.755,68.365,137.986,250.645,57.696
2021/1/11,47.911,15.841,46.768,81.67,182.204,28.862
2021/1/12,55.595,6.304,35.595,73.283,173.449,18.847
2021/1/13,40.616,0,37.065,76.684,172.101,25.301
2021/1/14,43.51,18.643,39.296,75.963,148.947,34.119
2021/1/15,51.428,14.644,39.211,101.383,171.213,30.979
2021/1/16,82.624,20.109,76.174,150.015,252.825,45.807
2021/1/17,67.482,24.613,74.534,141.492,228.991,45.21
2021/1/18,48.095,10.266,48.166,72.532,167.119,33.17
2021/1/19,42.265,9.304,50.827,74.431,216.055,33.818
2021/1/20,44.546,19.321,51.058,90.131,197.824,33.627
2021/1/21,48.089,23.411,57.724,63.013,219.93,27.553
2021/1/22,48.728,12.333,54.45,88.796,218.136,32.636
2021/1/23,66.893,20.333,87.038,117.521,214.815,48.218
2021/1/24,88.664,23.807,99.115,127.934,350.342,56.086
2021/1/25,86.892,20.041,68.681,79.116,224.149,34.554
2021/1/26,59.222,16.078,57.954,101.362,215.643,36.857
2021/1/27,50.075,11.937,105.094,108.756,208.029,50.986
2021/1/28,58.18,17.792,70.075,80.927,160.384,47.788
2021/1/29,48.372,15.072,66.029,69.324,151.962,56.588
2021/1/30,39.938,23.084,91.796,94.904,236.777,63.124
2021/1/31,47.573,24.61,84.451,104.054,249.269,37.907
2021/2/1,50.34,13.664,71.64,69.564,181.621,25.144
2021/2/2,47.323,24.133,92.145,88.048,193.791,41.328
2021/2/3,36.091,14.938,79.053,91.564,223.102,84.615
2021/2/4,61.4,27.716,96.194,111.069,197.832,69.983
2021/2/5,56.39,25.906,124.448,95.222,194.292,58.169
2021/2/6,55.472,39.051,194.842,119.696,212.817,75.497
2021/2/7,101.527,43.635,159.904,147.812,193.778,53.682
2021/2/8,124.55,58.326,289.227,240.205,234.405,122.215
2021/2/9,211.431,87.912,423.696,326.993,282.558,139.056
2021/2/10,296.792,118.931,505.888,511.136,499.848,167.055
2021/2/13,50,28.967,104.485,74.519,243.485,22.759
2021/2/14,65.073,25.06,116.812,164.586,195.74,16.607
2021/2/15,68.394,39.655,168.272,210.745,300.13,41.123
2021/2/16,67.819,31.647,151.649,174.61,253.696,40.493
2021/2/17,53.632,30.358,133.646,144.793,180.052,33.589
2021/2/18,62.327,18.17,105.697,130.174,227.336,56.001
2021/2/19,73.044,13.769,116.07,92.327,184.169,47.197
2021/2/20,60.612,21.798,119.306,88.794,175.262,39.445
2021/2/21,38.554,33.803,80.423,79.403,144.855,35.248
2021/2/22,40.444,15.47,72.834,66.554,139.491,30.813
2021/2/23,44.084,25.429,85.425,77.586,136.05,24.456
2021/2/24,54.382,22.668,60.043,88.233,190.158,37.41
2021/2/25,74.027,34.618,100.118,110.557,156.613,39.885
2021/2/26,72.508,31.286,135.777,159.095,276.322,70.064
2021/2/27,45.651,22.579,122.322,116.814,218.04,74.704
2021/2/28,49.705,27.705,114.677,111.764,305.647,54.382
2021/3/1,29.048,27.232,97.068,79.404,241.709,28.579
2021/3/2,46.406,16.541,83.363,62.044,182.984,40.61
2021/3/3,20.757,23.654,80.749,71.027,186.008,22.01
2021/3/4,28.177,20.344,93.076,72.465,145.281,18.952
2021/3/5,35.138,22.986,101.498,82.585,211.185,41.955
2021/3/6,61.735,38.176,167.583,151.214,288.817,64.332
2021/3/7,36.889,26.748,122.568,125.428,257.809,84.586
2021/3/8,26.921,19.815,80.399,78.721,211.746,45.65
2021/3/9,42.608,20.838,66.895,143.511,170.907,34.073
2021/3/10,24.891,14.35,59.548,91.994,119.599,25.101
2021/3/11,31.801,16.37,57.357,75.477,158.357,30.749
2021/3/12,21.764,23.836,102.131,84.232,152.44,31.282
2021/3/13,47.086,26.434,104.089,101.865,169.055,43.017
2021/3/14,30.295,17.721,117.089,75.95,176.032,41.13
2021/3/15,22.597,13.658,85.656,40.423,90.812,28.603
2021/3/16,19.772,13.577,72.126,44.844,100.121,19.792
2021/3/17,19.493,19.313,83.755,44.029,107.653,29.326
2021/3/18,20.852,11.866,73.733,65.501,128.058,29.081
2021/3/19,39.292,16.235,67.509,69.141,140.893,42.902
2021/3/20,39.984,21.477,117.89,77.235,267.979,34.377
2021/3/21,41.705,17.949,112.176,94.838,199.712,51.413
2021/3/22,10.113,11.561,70.689,50.802,115.022,30.625
2021/3/23,13.349,19.312,66.931,48.174,134.706,28.634
2021/3/24,14.013,15.113,42.484,35.583,103.505,27.331
2021/3/25,15.827,14.621,50.798,46.89,86.632,25.174
2021/3/26,40.178,21.313,60.937,83.562,167.327,48.956
2021/3/27,43.191,26.111,78.794,69.658,199.727,51.805
2021/3/28,30.71,19.628,78.41,55.673,161.164,50.119
2021/3/29,15.5,16.139,62.154,47.327,111.308,60.434
2021/3/30,14.905,21.407,57.851,32.145,130.803,26.924
2021/3/31,19.503,21.649,59.255,45.089,143.294,28.74
2021/4/1,20.743,20.604,52.994,48.978,162.291,39.109
2021/4/2,37.764,20.665,70.727,72.574,178.71,69.53
2021/4/3,38.786,32.71,100.323,75.739,212.267,68.593
2021/4/4,33.95,22.976,88.244,61.709,192.021,71.456
2021/4/5,24.241,16.492,112.577,68.049,178.469,76.701
2021/4/6,3.622,3.138,35.075,11.671,55.611,13.13
2021/4/7,17.735,16.213,62.9,47.805,198.107,26.939
2021/4/8,9.582,20.319,52.596,35.491,136.899,22.294
2021/4/9,29.704,17.451,54.274,31.401,145.026,51.978
2021/4/10,22.753,25.525,84.84,60.287,203.93,50.186
2021/4/11,22.196,24.902,94.326,52.29,211.619,47.112
2021/4/12,4.178,10.203,38.756,43.328,148.371,32.027
2021/4/13,5.553,13.4,51.48,40.041,127.207,28.593
2021/4/14,19.197,18.975,47.052,41.387,151.83,30.12
2021/4/15,17.098,12.151,44.413,40.15,130.081,27.05
2021/4/16,19.018,15.371,62.197,47.162,130.808,40.232
2021/4/17,35.302,20.407,72.266,70.817,194.951,77.636
2021/4/18,22.237,28.972,118.063,56.607,194.451,48.315
2021/4/19,12.658,17.311,59.015,36.293,134.781,25.092
2021/4/20,12.167,16.234,64.062,37.651,150.715,30.338
2021/4/21,13.078,26.622,50.684,31.173,182.939,49.748
2021/4/22,11.64,15.227,47.905,40.04,150.806,34.615
2021/4/23,10.413,27.427,53.397,49.109,171.226,47.035
2021/4/24,17.178,37.796,102.501,78.6,264.803,107.309
2021/4/25,11.454,24.708,71.047,37.692,221.785,94.264
2021/4/26,11.871,12.618,60.716,37.392,151.258,43.118
2021/4/27,9.127,31.042,50.15,26.08,135.216,26.49
2021/4/28,7.359,27.487,47.189,33.609,125.4,29.405
2021/4/29,8.818,15.705,54.543,32.548,134.898,33.858
2021/4/30,14.856,26.786,52.865,34.271,138.585,38.125
2021/5/1,18.075,19.976,77.396,50.81,171.826,57.443
2021/5/2,17.439,22.784,80.42,47.435,198.544,36.466
2021/5/3,18.743,25.175,83.419,54.995,226.265,37.613
2021/5/4,8.799,18.032,43.846,42.643,200.985,37.838
2021/5/5,15.352,17.339,72.08,60.989,203.532,34.156
2021/5/6,5.992,22.682,73.006,30.192,151.84,21.199
2021/5/7,6.436,20.724,73.962,33.543,147.508,26.046
2021/5/8,11.457,22.625,69.529,33.331,160.786,28.122
2021/5/9,21.145,30.75,95.075,44.849,216.668,37.443
2021/5/10,8.06,24.956,60.825,26.427,157.721,30.866
2021/5/11,8.963,26.533,46.524,29.889,190.06,27.768
2021/5/12,6.081,19.247,42.616,31.02,182.519,19.252
2021/5/13,14.949,20.687,47.949,29.537,157.293,24.095
2021/5/14,11.412,32.193,51.909,29.278,191.116,40.997
2021/5/15,12.399,40.776,86.637,49.932,258.278,37.347
2021/5/16,6.386,19.009,153.409,51.103,212.588,52.382
2021/5/17,5.011,29.921,76.099,25.733,176.658,27.587
2021/5/18,12.309,23.783,84.864,29.45,173.271,31.098
2021/5/19,12.199,20.578,76.853,28.798,140.823,33.901
2021/5/20,8.975,22.177,60.967,35.447,148.851,17.189
2021/5/21,4.178,21.886,36.494,43.516,106.472,33.979
2021/5/22,9.18,25.845,98.936,45.209,190.363,34.962
2021/5/23,17.229,42.331,137.485,62.384,217.259,64.231
2021/5/24,4.28,17.043,54.772,29.627,148.831,40.924
2021/5/25,5.412,17.94,57.519,35.047,130.325,29.554
2021/5/26,4.008,15.81,65.416,31.969,166.467,46.547
2021/5/27,8.319,15.645,37.078,19.574,145.237,43.952
2021/5/28,6.205,16.472,67.01,28.172,123.824,42.189
2021/5/29,9.57,18.291,116.845,35.882,180.875,52.779
2021/5/30,4.719,27.038,106.615,33.492,196.236,21.296
2021/5/31,5.404,25.363,60.118,34.114,191.98,39.165
2021/6/1,7.217,26.938,76.648,33.668,151.091,41.593
2021/6/2,8.681,27.706,89.386,43.528,178.517,43.414
2021/6/3,11.019,11.679,75.206,48.365,142.372,36.284
2021/6/4,13.461,16.743,63.703,47.048,121.093,31.416
2021/6/5,19.495,36.367,91.95,42.32,204.287,61.486
2021/6/6,7.182,30.644,88.671,32.745,222.817,42.143
2021/6/7,8.757,29.868,68.965,27.872,148.539,24.819
2021/6/8,7.394,24.611,56.101,28.108,144.482,25.106
2021/6/9,7.943,19.353,52.093,31.399,126.359,26.845
2021/6/10,10.34,24.961,57.091,29.393,122.004,13.847
2021/6/11,6.744,16.567,74.873,25.579,129.982,21.048
2021/6/12,22.347,48.073,77.636,61.009,210.267,52.462
2021/6/13,11.431,40.009,88.876,74.602,211.28,62.324
2021/6/14,14.049,37.545,69.072,56.049,169.858,73.037
2021/6/15,9.998,20.698,60.187,31.346,127.719,45.326
2021/6/16,5.187,19.793,46.695,29.826,104.991,12.99
2021/6/17,9.409,28.237,45.845,22.835,113.507,48.477
2021/6/18,7.902,27.339,46.754,29.867,150.875,34.971
2021/6/19,10.313,30.488,87.633,39.484,203.369,44.511
2021/6/20,10.001,61.881,84.134,38.578,202.307,43.614
2021/6/21,9.9,18.566,58.693,24.224,150.07,54.07
2021/6/22,13.91,30.314,56.135,29.299,126.151,26.162
2021/6/23,10.931,24.859,53.901,32.793,123.214,57.723
2021/6/24,6.119,19.543,41.586,31.747,127.946,34.885
2021/6/25,10.916,12.896,35.531,32.537,146.582,40.437
2021/6/26,20.953,35.449,82.439,47.402,197.69,71.821
2021/6/27,19.982,31.776,79.121,49.14,213.547,56.542
2021/6/28,9.933,21.088,45.81,33.153,125.782,35.784
2021/6/29,9.52,19.721,40.321,26.399,110.196,34.383
2021/6/30,7.464,27.425,39.114,41.537,125.415,27.052
2021/7/1,8.512,26.278,54.567,32.65,148.597,33.72
2021/7/2,10.79,28.565,51.785,34.247,133.586,24.972
2021/7/3,29.657,47.285,73.552,66.849,197.925,48.497
2021/7/4,24.214,39.241,57.583,44.466,197.322,45.679
2021/7/5,14.947,49.588,53.877,40.491,176.276,66.355
2021/7/6,7.861,49.005,46.553,36.365,173.864,44.901
2021/7/7,8.404,31.752,38.244,26.099,149.514,40.488
2021/7/8,12.209,33.078,44.995,34.071,143.491,61.361
2021/7/9,4.507,22.81,34.612,26.496,114.966,28.476
2021/7/10,14.838,49.929,52.771,41.077,176.065,70.59
2021/7/11,14.099,40.365,39.195,38.382,212.957,75.634
2021/7/12,7.559,24.025,42.472,24.08,140.305,24.48
2021/7/13,7.123,28.125,24.629,18.59,149.772,47.258
2021/7/14,14.182,20.281,51.339,43.512,163.863,50.127
2021/7/15,5.78,17.221,48.957,29.008,141.75,27.632
2021/7/16,23.636,53.38,57.948,47.644,236.055,39.074
2021/7/17,27.115,29.918,60.204,46.115,223.655,79.353
2021/7/18,30.138,31.604,67.134,43.166,234.028,60.81
2021/7/19,15.754,19.986,40.146,40.629,174.827,34.935
2021/7/20,12.512,19.324,40.886,27.025,152.362,46.461
2021/7/21,18.057,22.554,58.081,35.828,152.653,52.983
2021/7/22,17.843,26.636,56.815,31.031,154.625,34.223
2021/7/23,13.844,19.1,45.06,28.61,150.636,38.509
2021/7/24,32.222,37.029,82.893,35.038,206.923,50.323
2021/7/25,24.134,29.736,72.385,36.532,248.502,60.229
2021/7/26,16.444,16.386,47.928,30.861,155.365,25.066
2021/7/27,33.891,20.927,54.649,29.008,189.082,53.678
2021/7/28,32.418,15.551,63.485,35.805,205.803,58.303
2021/7/29,17.107,59.522,33.377,26.28,193.613,31.376
2021/7/30,20.72,33.845,50.321,28.865,214.155,43.631
2021/7/31,23.282,24.536,57.015,44.567,255.972,47.859
2021/8/1,36.228,20.536,76.324,42.984,251.271,66.798
2021/8/2,22.943,35.577,79.129,57.648,283.115,24.162
2021/8/3,27.549,48.444,55.901,42.284,264.825,20.641
2021/8/4,22.617,33.147,89.04,50.028,313.269,14.278
2021/8/5,14.856,29.12,65.069,58.355,245.944,26.638
2021/8/6,22.376,20.331,51.048,51.397,189.756,28.948
2021/8/7,28.627,23.784,69.382,53.974,232.089,40.416
2021/8/8,24.273,32.192,54.567,57.351,265.775,50.406
2021/8/9,19.711,31.015,61.457,41.987,234.344,56.607
2021/8/10,24.532,22.361,66.971,39.23,193.189,11.233
2021/8/11,20.738,25.757,61.666,44.244,225.45,1.054
2021/8/12,28.536,37.175,83.793,52.211,275.876,12.87
2021/8/13,37.722,49.079,88.147,57.871,274.08,3.504
2021/8/14,27.112,35.09,96.491,74.363,281.13,16.528
2021/8/15,49.471,31.245,78.097,61.545,297.499,8.103
2021/8/16,50.533,24.663,52.116,41.091,190.573,6.045
2021/8/17,56.145,28.565,59.86,57.879,183.216,9.498
2021/8/18,54.55,25.035,54.41,38.636,185.59,8.645
2021/8/19,28.569,31.478,50.988,35.688,183.245,8.906
2021/8/20,27.29,25.752,47.075,42.358,195.116,47.274
2021/8/21,37.692,33.887,67.629,70.575,241.956,34.9
2021/8/22,51.313,21.861,94.447,60.822,281.156,1.546
2021/8/23,38.788,29.713,15.773,40.53,178.374,4.509
2021/8/24,31.616,22.695,53.891,43.365,168.012,9.207
2021/8/25,35.363,27.139,53.903,34.177,145.216,2.219
2021/8/26,63.126,34.842,61.124,49.747,255.505,5.452
2021/8/27,56.396,33.381,64.045,61.288,259.053,19.568
2021/8/28,49.574,34.078,75.85,61.493,244.915,35.502
2021/8/29,55.375,39.917,81.325,65.999,229.082,56.181
2021/8/30,40.953,41.208,65.327,47.989,178.587,48.287
2021/8/31,31.335,39.432,66.341,42.531,165.821,42.879
2021/9/1,47.449,27.264,44.769,61.883,177.642,8.003
2021/9/2,45.638,24.511,44.128,40.494,161.364,27.869
2021/9/3,54.834,20.685,42.436,46.246,149.219,24.967
2021/9/4,66.409,26.823,90.712,78.639,221.353,32.878
2021/9/5,58.946,30.823,63.285,74.857,238.552,51.129
2021/9/6,33.471,20.716,42.718,37.744,191.936,34.751
2021/9/7,34.142,19.175,45.236,44.438,163.316,23.172
2021/9/8,38.571,16.32,36.083,42.227,161.268,15.183
2021/9/9,39.028,12.804,39.957,41.432,120.989,14.255
2021/9/10,43.851,13.491,36.978,35.582,133.882,24.651
2021/9/11,67.532,26.026,53.88,62.394,257.43,18.06
2021/9/12,57.208,34.906,52.389,57.278,275.532,32.063
2021/9/13,29.937,26.428,46.014,31.415,152.695,11.356
2021/9/14,41.431,24.411,34.598,35.185,163.291,10.777
2021/9/15,32.841,20.887,33.653,35.282,150.327,12.702
2021/9/16,35.965,28.808,33.706,38.913,97.458,9.283
2021/9/17,31.276,22.689,30.378,33.651,128.348,13.163
2021/9/18,34.827,25.935,44.636,41.645,134.22,35.325
2021/9/19,93.77,46.835,75.511,112.917,216.23,51.647
2021/9/20,94.882,40.869,88.257,92.067,224.186,69.542
2021/9/21,93.256,32.084,100.2,80.697,239.505,56.3
2021/9/22,29.818,31.009,50.36,36.948,137.039,38.956
2021/9/23,19.216,22.845,45.19,33.308,107.29,27.236
2021/9/24,32.314,15.31,39.936,40.365,104.375,8.431
2021/9/25,43.444,35.554,76.729,38.452,185.574,46.058
2021/9/26,48.23,28.75,46.272,27.192,148.806,2.299
2021/9/27,42.395,11.333,32.674,12.762,96.875,4.863
2021/9/28,33.697,19.696,34.777,21.671,104.01,12.669
2021/9/29,39.563,14.816,50.474,15.119,113.135,23.336
2021/9/30,38.451,18.757,37.589,22.234,106.123,34.511
2021/10/1,69.809,36.474,80.011,43.638,205.461,56.82
2021/10/2,61.246,31.701,66.537,38.088,168.625,40.392
2021/10/3,51.096,27.065,37.727,43.27,174.094,41.672
2021/10/4,39.501,20.632,67.602,38.497,170.882,39.913
2021/10/5,53.813,35.634,73.28,33.255,180.889,51.134
2021/10/6,50.349,23.643,78.097,55.723,264.068,41.573
2021/10/7,51.57,20.343,62.908,45.794,183.467,23.278
2021/10/8,49.695,23.041,65.805,49.062,138.096,19.823
2021/10/9,41.198,16.792,61.377,33.34,132.744,22.222
2021/10/10,58.704,24.273,109.841,77.621,262.562,40.329
2021/10/11,45.351,14.56,64.755,26.96,88.447,4.407
2021/10/12,29.953,12.799,57.257,38.769,99.674,18.362
2021/10/13,36.526,11.277,44.341,39.51,88.237,16.528
2021/10/14,38.264,10.191,38.431,28.438,77.809,14.852
2021/10/15,65.659,10.811,54.933,84.89,146.297,23.991
2021/10/16,54.821,14.772,93.373,73.514,273.582,36.28
2021/10/17,56.02,13.639,64.308,65.816,163.589,26.795
2021/10/18,44.513,10.502,40.29,30.066,84.784,20.606
2021/10/19,42.738,8.766,40.052,32.2,78.684,16.958
2021/10/20,41.248,8.978,43.48,41.794,109.339,25.154
2021/10/21,46.91,11.262,29.336,38.753,79.858,11.947
2021/10/22,45.315,5.062,30.078,40.039,75.936,16.412
2021/10/23,61.274,9.346,51.363,87.828,99.498,18.086
2021/10/24,47.917,11.389,41.481,55.632,101.014,9.108
2021/10/25,33.696,7.279,27.46,46.731,48.556,8.749
2021/10/26,37.216,8.68,35.664,48.637,66.948,12.041
2021/10/27,36.161,6.836,32.692,35.369,94.727,15.305
2021/10/28,37.949,3.122,25.502,31.659,80.941,6.449
2021/10/29,40.045,11.124,25.203,47.926,89.73,13.574
2021/10/30,59.756,12.133,26.181,79.731,140.981,17.279
2021/10/31,55.961,8.639,35.237,75.305,92.342,28.424
2021/11/1,44.316,10.293,23.439,40.999,60.969,26.24
2021/11/2,39.893,13.551,25.556,49.667,68.055,25.844
2021/11/3,39.941,5.176,25.359,82.957,50.572,27.868
2021/11/4,42.366,12.227,24.241,61.122,64.051,23.879
2021/11/5,58.696,6.524,37.123,104.608,83.345,37.479
2021/11/6,63.927,9.658,35.493,128.993,108.548,26.725
2021/11/7,64.622,14.185,46.669,155.029,145.887,35.638
2021/11/8,58.811,10.662,24.775,58.558,66.376,28.296
2021/11/9,43.617,3.419,23.626,52.288,44.431,27.373
2021/11/10,49.851,3.044,28.642,48.096,49.063,27.656
2021/11/11,35.903,3.602,22.692,47.256,48.787,13.156
2021/11/12,50.696,10.337,25.182,55.136,51.422,18.935
2021/11/13,55.708,10.383,28.792,57.321,70.452,20.049
2021/11/14,53.001,14.612,39.412,71.072,99.456,30.582
2021/11/15,28.879,7.194,29.577,36.29,42.62,12.677
2021/11/16,19.63,2.834,27.575,35.93,53.515,12.525
2021/11/17,34.26,7.203,23.355,43.704,45.689,15.791
2021/11/18,21.426,3.246,16.566,35.182,41.864,6.018
2021/11/19,28.706,6.776,19.49,35.174,38.008,8.768
2021/11/20,54.147,9.051,33.727,73.711,95.311,14.406
2021/11/21,47.591,17.99,30.26,102.367,80.775,19.739
2021/11/22,32.75,9.175,22.036,24.416,42.247,9.756
2021/11/23,31.403,5.163,18.004,24.705,55.622,9.495
2021/11/24,33.315,9.217,21.68,22.259,39.991,12.559
2021/11/25,30.299,5.166,20.413,17.266,44.906,10.217
2021/11/26,41.234,6.06,14.855,23.644,51.836,17.511
2021/11/27,58.68,11.622,37.347,43.646,68.057,23.115
2021/11/28,49.546,9.694,25.149,56.96,78.347,21.817
2021/11/29,29.92,5.796,19.812,20.934,57.865,9.182
2021/11/30,30.369,7.103,32.472,30.467,43.009,25.737
2021/12/1,30.015,5.252,24.119,24.864,73.794,18.538
2021/12/2,25.404,4.474,22.703,20.085,58.359,18.263
2021/12/3,18.925,5.683,25.931,54.498,73.847,20.739
2021/12/4,62.259,9.205,36.36,92.695,93.905,22.865
2021/12/5,50.994,10.65,37.123,100.244,115.184,25.795
2021/12/6,12.844,8.862,37.461,45.511,64.231,14.424
2021/12/7,31.831,6.648,29.638,36.621,63.263,16.639
2021/12/8,25.319,7.96,24.71,48.246,70.377,15.059
2021/12/9,25.262,7.254,24.153,42.728,57.675,12.175
2021/12/10,32.792,8.928,26.56,55.263,68.296,14.231
2021/12/11,124.24,10.714,43.575,121.635,141.287,30.45
2021/12/12,61.198,10.426,43.444,80.302,116.349,15.656
2021/12/13,21.832,1.537,33.333,92.884,61.915,27.925
2021/12/14,33.175,5.472,30.287,103.516,66.116,13.141
2021/12/15,2.602,6.299,29.243,63.724,101.666,18.179
2021/12/16,39.569,4.506,33.832,51.856,99.125,25.768
2021/12/17,40.154,10.173,34.228,69.729,97.582,34.299
2021/12/18,70.551,11.996,59.298,114.017,109.389,42.242
2021/12/19,67.19,9.451,52.98,118.836,147.891,51.133
2021/12/20,38.283,6.115,50.948,60.872,82.832,24.901
2021/12/21,48.369,6.431,31.633,54.261,71.006,18.202
2021/12/22,31.469,4.455,22.57,50.263,75.729,14.458
2021/12/23,30.021,6.563,33.503,47.43,91.213,24.073
2021/12/24,35.441,8.624,52.243,63.084,120.944,30.135
2021/12/25,66.839,13.596,65.339,137.522,180.787,33.162
2021/12/26,95.584,9.123,64.144,92.322,209.308,28.498
2021/12/27,42.155,5.35,37.586,37.642,82.705,15.213
2021/12/28,35.054,5.317,42.784,39.004,86.043,24.145
2021/12/29,34.882,3.027,35.3,28.395,68.165,24.749
2021/12/30,37.37,11.272,35.101,31.745,84.271,17.651
2021/12/31,60.713,12.997,66.314,88.954,125.701,69.793
2022/1/1,82.658,18.428,57.833,90.656,138.402,38.272
2022/1/2,27.438,13.349,45.686,59.918,110.056,26.605
2022/1/3,59.009,12.782,81.754,59.045,90.081,38.027
2022/1/4,46.598,8.174,58.207,63.48,70.388,45.257
2022/1/5,34.15,9.827,66.638,40.437,65.654,39.688
2022/1/6,34.198,7.001,66.856,44.163,60.316,35.897
2022/1/7,46.045,16.284,49.32,78.764,90.664,31.834
2022/1/8,60.006,14.224,80.046,112.412,130.766,43.284
2022/1/9,59.741,11.879,81.556,84.804,147.528,114.262
2022/1/10,56.153,8.582,57.481,46.232,76.365,35.175
2022/1/11,29.824,10.573,81.87,33.489,86.15,54.466
2022/1/12,41.626,10.637,74.888,46.619,85.232,35.007
2022/1/13,22.185,12.889,63.209,48.916,73.369,21.816
2022/1/14,48.285,6.196,78.342,53.083,103.099,23.405
2022/1/15,56.825,9.146,96.244,49.827,124.109,37.538
2022/1/16,52.794,14.67,87.336,55.987,137.15,58.007
2022/1/17,42.312,10.665,47.324,29.229,90.383,11.755
2022/1/18,32.418,8.478,56.238,38.752,85.852,9.211
2022/1/19,50.389,4.206,55.99,72.068,129.677,16.223
2022/1/20,55.56,22.912,68.17,78.146,134.88,32.318
2022/1/21,58.294,23.798,81.348,77.103,146.062,32.031
2022/1/22,64.682,22.592,103.68,97.333,210.297,64.541
2022/1/23,68.285,25.009,124.431,89.483,186.693,74.249
2022/1/24,38.076,25.579,117.056,68.443,187.463,22.147
2022/1/25,70.849,26.834,85.379,83.043,153.198,48.877
2022/1/26,64.858,31.875,93.362,87.094,172.651,32.217
2022/1/27,95.025,21.963,155.221,66.621,169.503,58.027
2022/1/28,197.934,54.803,222.648,144.04,188.131,85.253
2022/1/29,200.905,85.672,356.031,195.987,207.671,90.907
2022/1/30,234.678,88.028,403.185,153.261,229.022,102.128
2022/2/1,38.25,18.86,52.92,46.534,63.003,13.968
2022/2/2,37.868,29.266,89.27,104.522,88.412,38.729
2022/2/3,7.01,51.215,125.952,46.152,116.536,26.229
2022/2/4,55.923,49.812,168.229,62.232,216.497,48.036
2022/2/5,2.203,43.637,79.349,94.217,208.189,45.665
2022/2/6,66.88,38.299,127.903,90.519,219.985,52.784
2022/2/7,41.735,25.718,105.783,89.43,160.054,43.144
2022/2/8,29.778,28.361,83.106,48.124,162.297,44.616
2022/2/9,30.194,17.827,81.859,54.398,138.288,25.255
2022/2/10,29.54,18.122,95.39,45.478,116.133,23.057
2022/2/11,38.286,16.356,80.496,44.35,132.508,24.982
2022/2/12,58.417,19.233,63.244,44.628,154.467,35.481
2022/2/13,38.757,18.593,53.381,62.028,165.85,37.882
2022/2/14,24.829,22.165,56.165,43.618,150.014,35.754
2022/2/15,50.087,13.33,65.561,54.996,154.453,30.547
2022/2/16,25.24,8.002,50.306,19.235,99.015,21.875
2022/2/17,38.54,16.258,64.96,28.335,112.077,20.645
2022/2/18,34.695,13.181,77.479,44.249,98.783,24.401
2022/2/19,38.763,19.604,84.409,49.453,120.64,49.665
2022/2/20,35.58,19.499,80.204,29.076,105.918,36.386
2022/2/21,26.034,12.819,54.127,11.197,85.387,28.045
2022/2/22,25.201,14.993,83.428,14.499,78.356,21.47
2022/2/23,17.076,10.987,46.044,16.979,65.21,28.796
2022/2/24,19.778,11.295,60.707,27.097,75.146,34.624
2022/2/25,43.644,15.162,66.539,33.498,96.432,25.668
2022/2/26,40.831,22.413,96.277,44.56,118.507,29.244
2022/2/27,33.006,17.194,90.842,29.748,94.607,34.072
2022/2/28,27.838,14.358,66.122,11.887,77.285,22.582
2022/3/1,5.051,13.075,60.582,18.112,75.286,22.944
2022/3/2,23.171,8.61,69.755,17.916,70.109,18.905
2022/3/3,27.705,14.025,54.075,15.525,62.041,21.88
2022/3/4,21.276,9.297,72.59,28.908,78.622,20.119
2022/3/5,44.23,14.836,102.358,33.725,125.495,29.269
2022/3/6,47.119,19.161,81.904,39.323,141.174,31.384
2022/3/7,24.482,11.448,52.889,12.626,76.686,0.632
2022/3/8,6.754,9.594,71.127,14.096,82.174,14.951
2022/3/9,17.2,8.401,62.036,21.91,66.059,15.084
2022/3/10,16.626,10.189,57.407,14.375,73.508,16.971
2022/3/11,29.63,15.262,53.281,11.525,88.822,19.221
2022/3/12,37.329,24.795,95.029,23.441,129.766,27.529
2022/3/13,28.204,19.47,77.903,25.827,101.51,30.393
2022/3/14,15.345,12.678,96.701,13.799,98.279,9.127
2022/3/15,15.026,12.816,80.283,17.42,102.329,7.721
2022/3/16,16.886,12.564,72.957,17.088,105.619,11.877
2022/3/17,30.851,15.834,84.519,22.721,108.394,12.813
2022/3/18,28.674,16.346,94.461,29.952,112.098,14.473
2022/3/19,45.815,26.011,129.315,49.829,201.276,24.298
2022/3/20,43.592,21.443,105.566,43,173.788,16.749
2022/3/21,25.391,25.338,72.925,28.074,192.734,13.613
2022/3/22,27.306,21.947,87.671,31.656,133.244,16.239
2022/3/23,15.255,17.569,82.278,28.279,88.811,7.625
2022/3/24,16.899,16.036,48.68,18.106,106.202,7.711
2022/3/25,43.221,17.128,74.387,43.386,132.493,14.528
2022/3/26,43.227,23.286,94.554,43.183,152.529,16.707
2022/3/27,41.214,26.977,89.283,24.078,140.651,11.68
2022/3/28,19.777,15.998,64.16,21.238,85.85,2.089
2022/3/29,18.541,13.184,65.004,26.983,75.286,0
2022/3/30,27.389,17.223,69.721,22.45,86.195,30.3
2022/3/31,30.993,10.145,54.92,26.203,92.587,25.097
2022/4/1,25.437,16.697,80.48,19.915,130.262,25.701
2022/4/2,34.452,18.016,71.349,30.03,133.168,26.163
2022/4/3,42.998,23.887,96.131,46.766,111.538,16.438
2022/4/4,31.759,23.387,107.732,40.745,148.726,22.224
2022/4/5,21.71,15.356,38.664,31.476,146.419,21.248
2022/4/6,5.855,11.695,38.127,20.492,109.945,17.497
2022/4/7,6.533,14.479,28.799,14.881,85.201,10.494
2022/4/8,6.366,12.371,36.973,18.886,87.65,10.629
2022/4/9,11.218,27.258,133.106,35.619,141.102,15.591
2022/4/10,18.379,24.485,113.881,30.946,184.591,7.757
2022/4/11,1.03,10.687,69.305,11.87,93.428,6.383
2022/4/12,7.538,20.041,76.22,16.859,106.268,6.375
2022/4/13,4.61,20.903,76.95,31.963,100.363,9.797
2022/4/14,6.495,21.356,59.011,21.589,128.586,6.047
2022/4/15,14.18,17.358,69.72,39.136,131.828,10.73
2022/4/16,15.042,32.118,84.376,28.104,124.808,12.666
2022/4/17,9.701,32.008,85.746,40.244,107.549,20.254
2022/4/18,3.024,23.28,62.95,28.667,112.679,12.087
2022/4/19,5.106,16.985,53.306,23.736,101.391,7.869
2022/4/20,2.772,18.031,51.324,33.394,105.275,11.413
2022/4/21,3.552,11.668,59.831,27.479,112.794,8.548
2022/4/22,7.417,20.471,69.833,26.309,114.043,18.726
2022/4/23,9.767,25.194,86.55,27.473,118.653,19.648
2022/4/24,4.52,13.679,63.739,32.921,99.189,15.603
2022/4/25,4.202,20.592,94.828,28.121,116.365,16.833
2022/4/26,4.905,14.113,61.328,13.139,91.764,9.969
2022/4/27,2.398,24.953,64.366,27.102,88.807,9.138
2022/4/28,2.139,21.918,80.389,16.357,111.594,11.202
2022/4/29,7.15,29.707,96.804,24.064,106.052,21.479
2022/4/30,9.22,35.229,81.21,34.151,141.039,28.319
2022/5/1,10.863,36.606,65.841,33.083,147.275,23.295
2022/5/2,8.503,47.127,57.464,42.191,115.468,13.734
2022/5/3,2.868,42.378,67.711,18.375,88.193,27.601
2022/5/4,6.398,44.495,51.194,27.071,105.769,26.182
2022/5/5,1.193,26.05,32.252,16.992,90.652,18.79
2022/5/6,3.42,32.15,56.612,19.454,95.683,20.488
2022/5/7,4.66,34.564,86.212,34.837,113.896,23.375
2022/5/8,4.476,33.433,86.554,35.067,116.519,42.607
2022/5/9,3.538,34.866,55.773,34.581,91.68,29.087
2022/5/10,5.181,13.224,59.294,9.417,95.42,22.638
2022/5/11,2.043,15.419,42.635,20.87,86.213,19.261
2022/5/12,5.134,22.173,37.193,21.925,79.619,24.59
2022/5/13,2.792,45.528,58.386,26.1,102.98,21.993
2022/5/14,11.341,51.014,79.242,26.77,159.404,48.521
2022/5/15,6.072,43.627,63.751,34.51,156.705,43.781
2022/5/16,4.637,19.412,41.681,18.527,82.78,23.633
2022/5/17,1.853,23.194,41.52,12.789,67.12,15.163
2022/5/18,0.926,21.794,40.714,20.598,92.724,20.24
2022/5/19,3.425,21.799,31.666,13.195,92.356,17.603
2022/5/20,3.575,22.675,37.853,14.719,90.647,13.908
2022/5/21,4.691,43.426,45.847,43.484,154.655,26.494
2022/5/22,4.885,29.841,40.385,23.398,164.269,23.847
2022/5/23,4.437,26,35.072,4.637,92.654,15.361
2022/5/24,3.361,29.285,32.072,14.041,122.403,27.64
2022/5/25,4.619,22.563,31.823,18.698,84.787,19.562
2022/5/26,4.438,29.903,39.188,21.185,88.361,25.011
2022/5/27,8.858,27.341,31.927,19.308,86.554,18.568
2022/5/28,8.906,54.447,55.568,46.827,188.829,35.114
2022/5/29,7.44,55.666,62.521,33.517,178.516,42.403
2022/5/30,6.684,25.618,31.081,16.585,92.512,24.336
2022/5/31,6.611,18.11,38.356,39.474,87.827,15.854
2022/6/1,5.084,21.105,43.718,35.603,90.488,22.234
2022/6/2,11.33,34.716,47.188,36.405,112.624,20.605
2022/6/3,14.235,59.95,69.903,61.149,185.595,29.489
2022/6/4,5.135,39.752,38.876,27.698,113.331,13.898
2022/6/5,10.109,42.328,41.001,41.369,102.505,21.97
2022/6/6,5.253,37.312,40.803,26.543,104.547,23.309
2022/6/7,6.312,23.212,38.975,28.139,105.767,20.909
2022/6/8,6.725,27.37,40.959,28.048,113.862,17.046
2022/6/9,5.241,35.271,41.651,27.768,281.247,21.532
2022/6/10,9.447,38.776,37.531,27.152,115.093,13.058
2022/6/11,9.209,48.32,61.054,36.533,195.647,34.691
2022/6/12,10.588,49.505,67.529,49.293,166.515,29.698
2022/6/13,3.944,33.306,29.923,35.014,116.051,23.638
2022/6/14,14.604,29.762,29.213,16.266,110.671,23.587
2022/6/15,5.184,33.776,39.656,26.243,105.84,18.931
2022/6/16,5.347,35.463,49.712,32.228,109.346,18.079
2022/6/17,6.549,36.326,47.1,36.568,118.682,27.301
2022/6/18,18.484,47.584,79.94,50.206,191.228,29.834
2022/6/19,15.541,40.858,79.311,49.153,187.623,31.956
2022/6/20,8.896,27.416,46.065,35.656,123.54,26.02
2022/6/21,6.063,27.152,32.467,29.804,110.973,22.014
2022/6/22,13.806,22.451,35.161,28.097,108.759,23.449
2022/6/23,5.402,17.152,29.211,28.488,84.617,14.583
2022/6/24,25.878,22.836,33.789,29.265,104.325,17.64
2022/6/25,40.332,28.57,39.414,47.569,155.786,22.426
2022/6/26,31.364,33.783,43.418,54.309,163.919,36.32
2022/6/27,12.659,21.427,28.077,26.887,105.207,21.772
2022/6/28,19.501,13.137,28.268,39.702,133.899,23.307
2022/6/29,16.118,26.758,21.954,39.934,156.09,40.424
2022/6/30,10.625,21.969,29.259,38.627,127.274,47.528
2022/7/1,15.086,17.165,25.326,50.953,149.719,28.897
2022/7/2,28.667,27.475,55.999,45.704,195.295,55.851
2022/7/3,63.873,42.368,58.67,42.18,188.672,47.944
2022/7/4,20.219,17.802,47.458,36.688,116.605,27.955
2022/7/5,34.508,17.524,49.728,50.367,133.21,42.64
2022/7/6,39.018,9.038,51.119,32.226,164.461,31.186
2022/7/7,43.066,14.602,39.874,29.189,134.044,50.962
2022/7/8,32.713,7.971,42.7,49.425,129.05,48.356
2022/7/9,44.591,26.107,73.124,55.629,173.971,44.535
2022/7/10,35.703,21.797,85.669,80.418,186.916,67.457
2022/7/11,43.103,30.141,57.659,55.108,133.262,24.264
2022/7/12,29.78,19.218,49.014,27.869,129.271,64.579
2022/7/13,31.995,12.755,57.841,63.603,150.034,46.435
2022/7/14,12.376,14.374,52.446,44.709,131.965,34.033
2022/7/15,43.241,11.364,60.497,66.136,118.425,30.18
2022/7/16,107.272,18.431,73.235,89.471,175.925,59.714
2022/7/17,131.3,21.934,63.421,73.671,190.249,53.705
2022/7/18,57.442,11.582,50.507,52.193,132.053,43.19
2022/7/19,90.19,20.509,49.966,44.352,134.06,33.363
2022/7/20,89.355,17.192,88.656,37.088,160.945,43.777
2022/7/21,75.92,18.296,130.268,43.486,140.656,38.147
2022/7/22,44.43,16.449,91.719,60.678,119.449,33.655
2022/7/23,67.395,20.601,128.405,101.743,163.238,45.47
2022/7/24,112.091,10.549,55.957,67.64,187.595,45.96
2022/7/25,90.633,17.972,66.762,66.315,128.305,79.565
2022/7/26,68.863,18.262,98.29,59.465,161.551,73.97
2022/7/27,71.087,14.402,108.891,58.869,131.633,67.503
2022/7/28,70.756,22.58,116.81,69.521,170.771,60.76
2022/7/29,66.925,15.616,120.741,52.634,331.236,64.225
2022/7/30,71.293,13.837,141.664,86.456,343.157,61.873
2022/7/31,131.591,19.875,142.906,98.219,320.998,49.207
2022/8/1,91.813,29.243,154.113,36.451,304.399,82.282
2022/8/2,28.385,14.101,122.284,57.276,270.798,80.493
2022/8/3,95.589,15.585,159.987,76.332,337.105,68.436
2022/8/4,64.171,17.149,152.644,81.526,354.404,65.154
2022/8/5,43.931,13.432,169.692,66.543,329.423,72.799
2022/8/6,106.723,15.462,183.489,91.924,355.128,96.079
2022/8/7,89.746,26.316,211.184,105.113,316.069,86.982
2022/8/8,86.531,18.528,138.495,87.266,302.077,76.689
2022/8/9,54.281,17.542,161.631,77.1,322.432,75.303
2022/8/10,89.973,17.255,168.921,39.034,288.214,70.518
2022/8/11,70.377,13.387,159.507,68.939,313.919,73.029
2022/8/12,79.938,15.139,166.473,60.39,326.821,74.91
2022/8/13,139.761,28.498,223.384,72.19,478.995,102.596
2022/8/14,97.044,32.987,188.234,87.77,394.715,120.907
2022/8/15,102.925,24.222,120.999,67.468,347.367,85.398
2022/8/16,69.881,18.14,183.738,71.408,368.861,81.22
2022/8/17,104.095,20.658,146.131,66.376,358.863,87.672
2022/8/18,81.503,26.979,223.117,84.219,424.262,121.725
2022/8/19,144.451,89.616,334.781,91.655,399.426,186.155
2022/8/20,95.698,18.641,209.291,70.643,429.043,123.124
2022/8/21,87.971,19.233,219.055,72.191,432.675,82.198
2022/8/22,66.488,14.33,104.653,47.201,303.2,45.204
2022/8/23,86.205,13.572,111.097,48.094,258.56,43.039
2022/8/24,57.232,14.23,73.184,59.056,233.767,46.96
2022/8/25,51.219,12.514,110.13,41.528,243.786,63.776
2022/8/26,48.72,11.488,129.03,73.827,250.941,48.086
2022/8/27,104.458,19.554,154.266,68.656,357.705,57.998
2022/8/28,102.839,25.88,251.609,71.953,252.244,88.504
2022/8/29,59.775,13.378,116.076,74.182,297.05,45.738
2022/8/30,93.293,7.934,114.188,33.987,236.727,66.738
2022/8/31,28.994,3.304,61.621,30.29,242.409,35.261
2022/9/1,56.77,11.464,100.922,58.419,311.034,47.503
2022/9/2,53.186,4.884,103.825,61.119,328.216,42.416
2022/9/3,88.589,15.738,176.628,77.887,419.813,53.626
2022/9/4,124.55,18.362,185.402,87.775,491.166,62.544
2022/9/5,60.192,10.812,117.607,47.452,285.889,53.158
2022/9/6,54.584,11.684,93.769,40.62,250.203,39.139
2022/9/7,58.284,12.388,69.663,44.356,260.624,40.007
2022/9/8,46.658,7.918,90.435,62.072,222.033,42.528
2022/9/9,111.676,4.65,179.34,103.568,311.923,66.968
2022/9/10,155.467,0.491,146.777,114.942,418.263,72.293
2022/9/11,97.363,6.927,83.984,92.33,349.924,63.234
2022/9/12,38.383,0,145.6,98.587,315.002,71.588
2022/9/13,25.627,0,104.849,68.334,216.669,47.126
2022/9/14,27.935,0,70.053,53.107,185.157,41.841
2022/9/15,29.546,0,66.529,56.663,201.569,27.431
2022/9/16,26.977,0,107.825,74.425,193.806,41.283
2022/9/17,50.024,0,168.436,90.05,358.256,69.613
2022/9/18,58.668,0,177.806,80.373,376.496,57.716
2022/9/19,9.274,0,45.683,30.316,212.507,38.815
2022/9/20,14.946,0,67.862,47.235,262.543,42.297
2022/9/21,18.429,0,86.458,46.791,213.475,32.068
2022/9/22,20.182,0,73.801,50.943,226.528,50.388
2022/9/23,30.662,0,85.824,87.179,243.19,64.26
2022/9/24,49.291,0,193.743,101.607,345.852,75.743
2022/9/25,14.038,0,132.468,118.404,320.644,55.324
2022/9/26,34.863,0,59.178,58.142,196.445,30.76
2022/9/27,35.665,0,63.594,37.499,158.187,29.389
2022/9/28,62.641,0,77.96,53.384,142.124,32.625
2022/9/29,43.663,0,84.368,44.333,175.757,31.877
2022/9/30,70.235,0,107.477,53.895,200.098,53.33
2022/10/1,102.731,0,169.374,122.01,318.485,76.799
2022/10/2,81.611,0,178.918,91.23,253.861,61.869
2022/10/3,93.09,0,116.323,81.689,252.753,59.161
2022/10/4,104.984,0,115.099,117.054,328.918,49.869
2022/10/5,118.421,0,162.721,87.491,373.666,40.769
2022/10/6,132.357,0,208.677,184.582,353.217,71.588
2022/10/7,110.302,0,169.976,154.165,468.857,87.403
2022/10/8,81.908,0,114.629,108.094,360.319,37.814
2022/10/9,66.479,0,110.966,121.547,342.075,53.058
2022/10/10,46.834,0,134.737,103.327,288.07,47.046
2022/10/11,51.596,0,119.426,89.443,244.759,29.66
2022/10/12,39.206,0,121.317,82.773,240.312,29.309
2022/10/13,61.838,0,84.845,70.046,151.966,30.605
2022/10/14,13.046,0,49.262,65.579,135.637,11.595
2022/10/15,101.798,12.033,203.098,223.125,375.026,60.965
2022/10/16,86.333,2.55,178.909,209.72,367.681,62.74
2022/10/17,38.615,5.762,111.662,104.537,247.302,35.261
2022/10/18,41.022,7.187,155.233,156.31,273.91,56.159
2022/10/19,38.515,13.004,96.132,105.856,225.807,33.063
2022/10/20,52.368,4.701,105.947,88.041,242.853,30.363
2022/10/21,97.068,38.486,398.396,288.383,611.594,95.213
2022/10/22,77.747,7.952,155.908,157.648,299.448,56.496
2022/10/23,61.265,14.581,138.434,152.181,242.892,38.944
2022/10/24,37.236,3.223,73.345,85.05,199.326,30.369
2022/10/25,36.981,4.156,125.16,89.459,217.397,36.506
2022/10/26,35.475,4.56,117.386,104.795,226.633,38.152
2022/10/27,35.991,2.299,114.668,116.582,209,31.661
2022/10/28,63.12,11.885,136.101,164.567,229.524,40.855
2022/10/29,98.462,11.396,166.485,246.83,367.131,64.036
2022/10/30,67.588,10.805,203.145,197.429,221.196,76.791
2022/10/31,32.213,3.319,83.714,60.844,85.398,47.777
2022/11/1,29.485,3.305,101.963,96.659,96.786,39.603
2022/11/3,13.926,4.012,129.249,120.855,83.973,63.801
2022/11/5,74.216,9.816,158.362,176.843,190.421,73.537
2022/11/6,60.306,4.647,135.245,165.482,162.064,75.888
2022/11/7,22.799,3.256,108.169,86,102.677,47.225
2022/11/8,31.054,3.86,77.122,82.087,96.371,41.117
2022/11/9,21.313,2.871,75.307,68.901,127.795,35.22
2022/11/10,17.046,6.897,88.303,74.627,122.883,39.756
2022/11/11,40.363,7.801,130.229,163.552,173.21,45.043
2022/11/12,73.358,10.572,204.119,257.066,293.677,56.455
2022/11/13,54.616,7.366,188.274,206.762,312.032,50.639
2022/11/14,27.893,5.605,104.647,99.074,180.626,38.303
2022/11/15,31.82,7.266,93.884,102.92,165.843,38.944
2022/11/16,17.224,2.568,105.807,92.695,205.406,18.714
2022/11/17,40.679,8.038,104.356,90.18,232.975,38.752
2022/11/18,59.901,17.923,212.654,153.087,367.523,68.424
2022/11/19,183.307,35.948,436.061,440.93,1265.473,122.161
2022/11/20,65.057,0.252,197.334,156.828,146.034,97.969
2022/11/21,264.657,55.692,352.422,343.02,821.168,132.212
2022/11/22,30.541,4.816,82.219,36.489,173.192,36.972
2022/11/23,50.24,8.243,98.441,68.562,247.572,31.84
2022/11/24,29.738,8.455,105.612,43.262,260.618,31.131
2022/11/25,62.003,16.927,103.304,32.969,228.796,46.435
2022/11/26,37.043,9.864,89.276,57.284,352.511,47.408
2022/11/27,3.165,4.146,17.031,8.596,40.471,3.192
2022/11/28,1.809,1.04,13.451,3.012,40.862,10.708
2022/11/29,9.194,1.778,6.066,8.283,31.298,7.624
2022/12/4,18.158,1.168,53.404,30,99.399,24.722
2022/12/5,41.811,0,118.657,114,170.093,30.282
2022/12/6,67.863,7.977,97.963,98.62,226.171,38.551
2022/12/7,64.331,11.597,82.55,124.352,272.787,25.636
2022/12/8,47.48,4.524,131.273,82.678,173.924,46.357
2022/12/9,30.039,4.422,99.447,71.484,140.88,41.33
2022/12/10,73.28,6.572,161.982,149.336,231.009,55.053
2022/12/11,63.385,3.629,171.695,144.333,204.481,62.536
2022/12/12,30.168,3.379,95.825,85.722,173.035,27.823
2022/12/13,50.434,5.316,103.872,91.195,185.802,37.876
2022/12/14,29.923,6.973,96.198,102.181,226.115,40.701
2022/12/15,60.996,8.607,151.972,94.034,291.759,44.891
2022/12/16,59.198,6.839,147.869,141.993,305.67,28.131
2022/12/17,97.791,16.786,153.757,142.647,265.09,43.945
2022/12/18,65.117,12.025,123.469,131.36,295.364,68.962
2022/12/19,67.122,11.56,97.845,86.269,201.178,47.456
2022/12/20,53.792,6.731,88.82,103.847,252.224,45.501
2022/12/21,61.727,17.74,137.998,128.851,285.265,76.358
2022/12/22,45.018,8.883,93.949,99.983,223.248,33.671
2022/12/23,54.487,8.921,91.649,92.544,210.784,29.486
2022/12/24,61.874,11.582,117.564,139.067,285.085,47.279
2022/12/25,105.129,5.742,166.418,160.777,362.94,51.941
2022/12/26,56.004,12.022,114.691,115.933,253.075,27.857
2022/12/27,72.514,6.541,121.716,102.06,253.518,39.591
2022/12/28,60.286,8.167,99.953,119.913,257.429,36.052
2022/12/29,66.287,3.656,129.853,123.439,237.407,25.895
2022/12/30,62.525,6.173,118.877,131.883,244.088,29.769
2022/12/31,103.271,5.574,198.248,178.021,329.509,39.573
2023/1/1,92.503,7.926,174.426,159.047,329.635,39.38
2023/1/2,54.334,17.834,154.451,132.934,287.812,36.172
2023/1/3,50.818,3.617,128.134,86.599,215.984,30.654
2023/1/4,48.908,3.929,123.447,88.495,171.91,27.843
2023/1/5,32.701,5.835,108.643,101.317,186.069,25.709
2023/1/6,59.67,6.648,106.774,115.083,202.912,27.047
2023/1/7,53.524,11.499,112.31,108.037,187.324,24.606
2023/1/8,56.788,15.154,124.983,115.9,219.372,34.433
2023/1/9,39.959,11.607,89.474,100.363,185.585,31.341
2023/1/10,45.848,9.913,119.602,100.017,200.196,15.292
2023/1/11,44.885,9.782,126.12,88.976,185.254,31.199
2023/1/12,43.65,9.159,113.15,87.742,202.709,27.908
2023/1/13,31.759,15.213,137.769,123.264,215.635,29.708
2023/1/14,112.724,31.542,197.217,204.679,447.993,55.134
2023/1/15,92.61,21.246,154.044,178.944,278.968,61.584
2023/1/16,61.379,21.066,121.081,144.546,216.173,46.516
2023/1/17,86.319,22.71,117.137,166.406,180.232,39.869
2023/1/18,84.28,41.459,218.267,212.899,281.893,58.399
2023/1/19,157.124,61.759,350.275,384.359,371.074,104.101
2023/1/20,252.074,75.97,604.231,455.627,594.071,138.142
2023/1/22,39.08,17.629,91.232,91.901,219.378,34.134
2023/1/23,46.756,31.043,124.14,146.538,291.352,66.018
2023/1/24,84.834,31.05,181.951,48.517,205.447,89.421
2023/1/25,97.229,37.569,140.698,165.671,245.072,114.337
2023/1/26,72.927,32.835,226.705,204.906,272.125,60.15
2023/1/27,87.434,31.75,284.492,215.811,283.135,69.283
2023/1/28,63.873,30.24,246.343,163.237,235.443,43.626
2023/1/29,48.473,15.298,194.121,122.262,229.694,40.249
2023/1/30,52.383,15.248,153.832,113.826,216.18,42.686
2023/1/31,40.683,13.52,157.934,104.426,202.836,37.502
2023/2/1,32.281,12.689,136.909,92.321,156.42,33.307
2023/2/2,32.252,15.701,142.663,125.853,204.688,41.747
2023/2/3,54.97,14.786,187.654,125.441,189.282,53.285
2023/2/4,85.605,20.698,232.871,126.55,252.725,39.93
2023/2/5,83.513,15.281,140.199,112.777,281.351,39.59
2023/2/6,11.684,12.377,91.363,79.476,179.662,34.646
2023/2/7,25.653,12.441,99.937,63.807,154.543,33.83
2023/2/8,39.347,8.429,93.975,75.372,161.297,35.924
2023/2/9,42.757,13.362,138.13,88.67,203.645,30.833
2023/2/10,49.257,12.794,125.468,103.7,175.847,31.996
2023/2/11,77.149,16.919,164.9,143.531,243.908,53.417
2023/2/12,74.087,28.032,158.806,109.179,309.307,48.809
2023/2/13,30.456,14.143,107.056,103.147,226.189,33.601
2023/2/14,39.561,14.301,108.672,75.069,160.285,37.56
2023/2/15,41.209,6.735,105.647,72.325,184.475,31.355
2023/2/16,32.783,7.394,105.95,74.701,155.351,34.159
2023/2/17,28.471,8.283,136.319,104.876,160.609,38.594
2023/2/18,65.745,21.074,181.095,134.317,285.815,48.488
2023/2/19,48.268,17.567,162.066,105.097,230.404,45.805
2023/2/20,24.15,7.391,61.627,64.776,138.164,29.447
2023/2/21,24.144,12.593,101.221,55.615,150.154,29.466
2023/2/22,31.124,9.991,82.293,74.474,138.874,29.54
2023/2/23,22.517,11.31,104.048,77.906,154.467,33.284
2023/2/24,35.391,11.328,134.183,83.785,134.956,31.17
2023/2/25,41.824,10.979,170.605,115.867,219.47,44.994
2023/2/26,34.64,14.041,149.738,92.628,243.01,47.396
2023/2/27,13.331,8.846,88.884,65.006,136.926,13.221
2023/2/28,21.011,7.007,96.706,61.482,115.968,27.118
2023/3/1,15.748,9.504,105.906,73.717,139.125,23.98
2023/3/2,21.735,7.568,114.103,62.87,131.001,28.182
2023/3/3,29.054,13.904,128.818,90.386,152.142,34.915
2023/3/4,34.038,12.627,142.301,105.25,163.918,33.769
2023/3/5,31.386,15.741,132.344,84.307,178.491,47.699
2023/3/6,18.411,10.117,96.609,54.979,107.018,23.166
2023/3/7,19.542,8.469,100.437,71.957,125.449,31.21
2023/3/8,17.906,9.434,105.092,65.41,119.807,22.18
2023/3/9,22.284,7.751,105.856,44.888,121.336,22.245
2023/3/10,21.612,14.024,150.26,71.433,131.927,12.423
2023/3/11,38.49,20.211,179.657,116.774,222.762,15.802
2023/3/12,33.314,18.27,157.361,109.272,195.971,19.536
2023/3/13,18.418,12.188,93.967,55.527,135.094,10.596
2023/3/14,9.612,11.759,104.067,46.835,140.076,9.076
2023/3/15,17.683,8.037,105.561,81.886,171.809,9.683
2023/3/16,25.921,11.892,102.213,89.875,190.911,31.584
2023/3/17,46.065,16.576,158.28,136.726,238.58,48.093
2023/3/18,52.936,29.56,186.58,147.687,289.075,59.217
2023/3/19,41.768,26.328,173.339,125.119,247.366,49.399
2023/3/20,22.99,9.431,119.286,74.011,195.663,37.566
2023/3/21,12.098,10.702,114.7,80.883,193.124,35.803
2023/3/22,17.709,12.133,125.087,89.191,170.723,27.368
2023/3/23,25.455,10.903,108.067,70.785,179.648,29.488
2023/3/24,22.479,18.402,153.262,105.586,202.72,33.301
2023/3/25,40.776,22.364,187.221,112.197,253.903,28.459
2023/3/26,30.047,20.143,179.458,120.223,264.043,48.675
2023/3/27,15.436,12.216,105.211,74.574,149.361,20.459
2023/3/28,14.816,15.485,92.394,79.756,145.975,18.519
2023/3/29,23.049,8.567,101.237,86.112,130.475,26.46
2023/3/30,13.154,14.654,86.212,63.476,179.795,25.925
2023/3/31,22.161,21.134,138.204,104.745,208.892,34.604
2023/4/1,26.836,23.388,154.887,101.324,208.377,35.079
2023/4/2,27.876,20.488,165.351,109.447,185.985,39.362
2023/4/3,29.721,19.201,114.41,93.459,170.821,16.457
2023/4/4,14.977,20.162,121.552,90.507,169.641,20.022
2023/4/5,24.199,22.225,139.304,115.412,217.271,45.417
2023/4/6,9.889,12.387,109.473,73.004,136.403,23.05
2023/4/7,16.629,9.746,97.645,88.025,131.267,31.899
2023/4/8,20.73,19.815,137.92,128.855,183.926,35.691
2023/4/9,30.084,15.846,136.063,83.908,197.616,30.536
2023/4/10,17.868,12.818,73.788,51.773,123.411,18.365
2023/4/11,7.577,13.366,85.563,62.405,158.881,15.788
2023/4/12,19.088,8.998,84.989,63.48,118.18,17.265
2023/4/13,15.052,9.198,76.901,51.532,92.251,19.775
2023/4/14,26.338,19.025,89.822,83.023,131.729,18.183
2023/4/15,28.049,16.674,138.985,106.142,208.169,20.852
2023/4/16,16.458,20.902,133.274,85.949,204.874,23.472
2023/4/17,7.066,9.19,68.456,39.145,106.884,14.475
2023/4/18,15.097,16.152,78.486,66.338,182.607,16.779
2023/4/19,12.216,13.945,76.651,58.407,156.553,19.103
2023/4/20,12.171,10.307,70.384,55.919,122.087,19.807
2023/4/21,28.934,30.95,125.533,89.492,215.684,26.17
2023/4/22,27.103,39.651,185.589,158.36,330.85,40.026
2023/4/23,10.291,21.876,154.222,81.715,279.352,22.853
2023/4/24,13.28,25.565,73.395,60.294,188.222,17.856
2023/4/25,9.993,19.3,70.192,68.882,163.704,15.89
2023/4/26,4.702,18.526,47.263,45.674,148.39,21.236
2023/4/27,11.675,18.48,66.698,62.808,141.667,14.24
2023/4/28,14.078,22.141,84.338,81.778,164.327,22.806
2023/4/29,24.693,37.234,161.482,127.524,169.132,27.577
2023/4/30,16.983,43.783,117.501,97.254,132.248,25.487
2023/5/1,22.754,31.862,138.857,83.717,179.89,29.389
2023/5/2,20.191,35.967,103.643,66.312,199.057,22.365
2023/5/3,11.586,22.717,95.795,72.027,252.366,32.371
2023/5/4,9.037,25.655,76.542,55.952,121.428,32.652
2023/5/5,13.454,22.324,66.977,63.126,115.371,28.675
2023/5/6,17.781,23.097,94.505,99.697,163.827,34.087
2023/5/7,18.818,39.966,134.833,115.423,238.132,54.158
2023/5/8,9.628,21.757,85.984,58.128,142.341,17.863
2023/5/9,7.406,17.224,81.721,49.033,145.033,25.81
2023/5/10,10.336,28.106,99.29,78.595,159.328,26.422
2023/5/11,9.518,13.908,75.742,42.217,158.484,23.274
2023/5/12,16.347,24.496,88.881,67.921,142.706,21.507
2023/5/13,20.655,33.208,135.703,95.606,179.071,45.087
2023/5/14,15.86,32.974,110.866,97.677,199.509,43.642
2023/5/15,7.475,21.584,78.687,61.585,171.35,27.764
2023/5/16,9.603,14.181,80.294,57.535,194.936,26.009
2023/5/17,12.893,14.296,67.717,54.7,150.478,19.914
2023/5/18,8.812,11.595,53.892,49.756,112.688,22.684
2023/5/19,9.66,15.232,71.713,60.947,141.327,20.153
2023/5/20,11.094,33.825,92.262,82.754,177.822,27.242
2023/5/21,13.615,38.276,117.485,94.76,197.446,29.13
2023/5/22,8.411,25.981,90.848,70.154,154.18,14.808
2023/5/23,14.637,23.022,69.361,49.994,150.721,20.181
2023/5/24,9.414,15.749,62.956,47.818,135.51,15.923
2023/5/25,13.962,21.865,76.118,50.69,114.768,14.565
2023/5/26,20.081,18.213,90.26,53.736,154.12,24.236
2023/5/27,24.97,24.313,127.658,91.754,272.537,41.279
2023/5/28,22.807,38.881,131.518,109.635,262.277,36.971
2023/5/29,12.75,28.536,61.995,53.849,146.434,16.312
2023/5/30,8.852,23.886,59.897,46.299,156.287,14.652
2023/5/31,7.86,17.471,61.96,46.711,136.132,16.723
2023/6/1,9.741,18.475,67.854,44.867,136.982,19.364
2023/6/2,11.988,22.501,72.847,68.385,161.142,16.172
2023/6/3,29.041,39.399,123.664,94.541,222.081,33.243
2023/6/4,21.047,34.741,123.698,95.926,215.285,25.117
2023/6/5,12.58,19.989,74.896,49.192,145.142,22.57
2023/6/6,14.408,19.081,84.745,56.608,152.439,21.351
2023/6/7,14.142,17.873,66.121,44.446,135.735,11.835
2023/6/8,9.254,24.509,76.363,49.993,119.287,15.446
2023/6/9,15.816,21.798,74.296,55.465,140.024,13.684
2023/6/10,19.118,38.116,146.968,98.844,240.235,26.766
2023/6/11,21.247,43.303,119.69,79.626,213.908,25.472
2023/6/12,10.351,23.087,67.12,36.154,127.399,17.143
2023/6/13,12.054,17.659,84.891,54.24,140.865,10.189
2023/6/14,7.284,28.361,82.127,43.778,115.605,9.175
2023/6/15,16.733,15.908,63.624,34.886,118.42,9.804
2023/6/16,15.49,24.133,86.159,58.503,172.11,22.692
2023/6/17,22.626,46.628,169.193,93.35,244.334,26.791
2023/6/18,23.373,54.553,149.877,72.039,253.447,23.098
2023/6/19,11.51,21.207,77.049,43.293,128.701,12.363
2023/6/20,11.657,21.592,66.666,39.223,126.228,13.919
2023/6/21,27.178,24.123,91.365,63.364,126.263,16.697
2023/6/22,38.77,33.866,114.288,77.476,171.919,17.912
2023/6/23,18.677,25.398,88.349,55.417,178.718,9.279
2023/6/24,16.054,28.369,94.187,54.18,161.495,11.548
2023/6/25,16.5,23.315,69.658,35.271,108.895,10.681
2023/6/26,10.384,21.224,72.185,39.582,80.524,8.083
2023/6/27,16.454,8.415,67.12,38.708,127.278,14.272
2023/6/28,14.946,15.651,68.534,53.742,130.182,16.069
2023/6/29,22.945,11.511,89.113,48.314,135.09,24.367
2023/6/30,20.755,11.345,81.663,45.431,129.88,25.778